[
    {
        "name": "wpml/commons",
        "version": "dev-develop",
        "version_normalized": "dev-develop",
        "source": {
            "type": "git",
            "url": "ssh://git@git.onthegosystems.com:10022/wpml/wpml-commons.git",
            "reference": "a35d28eb7e8879cf9481034a970008105f8f484e"
        },
        "require": {
            "php": ">=5.2.0"
        },
        "require-dev": {
            "phpunit/phpunit": "~4.5"
        },
        "time": "2015-12-10 17:50:42",
        "type": "library",
        "extra": {
            "branch-alias": {
                "dev-master": "1.0.x-dev",
                "dev-develop": "1.0.x-dev"
            }
        },
        "installation-source": "source",
        "autoload": {
            "classmap": [
                "src/"
            ]
        },
        "scripts": {
            "test": [
                "phpunit"
            ]
        },
        "license": [
            "GPL-2.0"
        ],
        "authors": [
            {
                "name": "Andrea Sciamanna",
                "email": "andrea.s@icanlocalize.com",
                "homepage": "http://wpml.org"
            },
            {
                "name": "Bruce Pearsons",
                "email": "bruce.p@icanlocalize.com",
                "homepage": "http://wpml.org"
            },
            {
                "name": "Armin Braun",
                "email": "armin.b@icanlocalize.com",
                "homepage": "http://wpml.org"
            }
        ],
        "description": "A set of libraries for WPML Plugins",
        "homepage": "https://git.onthegosystems.com/wpml/wpml-commons",
        "keywords": [
            "auto-loader",
            "twig-extensions"
        ]
    }
]
